Setting,Threshold,Amount_Reduction_%,TP,FP,FN,TN,Precision_%,Recall_%,F1,Alert_Rate_%,False_Positive_Rate_%,Originally_Detected_Fraud,Evaded,Newly_Detected,Attack_Success_Rate_%
Original,0.145,0,639,315,1908,285011,66.98113207547169,25.08833922261484,0.36503856041131105,0.3313961364907442,0.11040003364572454,639,0,0,0.0
Original,0.145,5,601,315,1946,285011,65.61135371179039,23.59638790734197,0.3470978920011551,0.31819587109593467,0.11040003364572454,639,38,0,5.94679186228482
Original,0.145,10,532,315,2015,285011,62.8099173553719,20.887318413820182,0.3134944018856806,0.2942269681422016,0.11040003364572454,639,107,0,16.74491392801252
Original,0.145,15,476,315,2071,285011,60.176991150442475,18.68865331762858,0.2852007189934092,0.2747739454551139,0.11040003364572454,639,163,0,25.508607198748045
Original,0.145,20,422,315,2125,285011,57.25915875169606,16.5685119748724,0.2570036540803898,0.2560156735782793,0.11040003364572454,639,217,0,33.95931142410016
Defense,0.14035087719298245,0,649,409,1898,284917,61.342155009451794,25.48095798979191,0.3600554785020804,0.36752317862390704,0.1433448055907979,649,0,0,0.0
Defense,0.14035087719298245,5,617,409,1930,284917,60.136452241715396,24.224577934825284,0.34536803806325217,0.356407165659857,0.1433448055907979,649,32,0,4.9306625577812015
Defense,0.14035087719298245,10,549,409,1998,284917,57.306889352818374,21.554770318021202,0.31326676176890156,0.33278563811125045,0.1433448055907979,649,100,0,15.408320493066256
Defense,0.14035087719298245,15,487,409,2060,284917,54.35267857142857,19.12053396152336,0.28289282602381643,0.31124836299340336,0.1433448055907979,649,162,0,24.961479198767336
Defense,0.14035087719298245,20,434,409,2113,284917,51.48279952550415,17.039654495484886,0.256047197640118,0.29283746652169534,0.1433448055907979,649,215,0,33.12788906009245
